Type,Name,Request Count,Failure Count,Median Response Time,Average Response Time,Min Response Time,Max Response Time,Average Content Size,Requests/s,Failures/s,50%,66%,75%,80%,90%,95%,98%,99%,99.9%,99.99%,100%
POST,/search,6000,0,13,51.758170183437564,6.623900029808283,2181.921500014141,7574.832166666667,47.54626592838207,0.0,13,16,18,21,29,43,97,2100,2200,2200,2200
,Aggregated,6000,0,13,51.758170183437564,6.623900029808283,2181.921500014141,7574.832166666667,47.54626592838207,0.0,13,16,18,21,29,43,97,2100,2200,2200,2200
