Type,Name,Request Count,Failure Count,Median Response Time,Average Response Time,Min Response Time,Max Response Time,Average Content Size,Requests/s,Failures/s,50%,66%,75%,80%,90%,95%,98%,99%,99.9%,99.99%,100%
POST,/search,4425,0,14,65.85076377316678,7.181900087743998,2183.395400061272,6965.320677966101,46.487289007621584,0.0,14,18,21,24,35,54,2100,2100,2200,2200,2200
,Aggregated,4425,0,14,65.85076377316678,7.181900087743998,2183.395400061272,6965.320677966101,46.487289007621584,0.0,14,18,21,24,35,54,2100,2100,2200,2200,2200
