Type,Name,Request Count,Failure Count,Median Response Time,Average Response Time,Min Response Time,Max Response Time,Average Content Size,Requests/s,Failures/s,50%,66%,75%,80%,90%,95%,98%,99%,99.9%,99.99%,100%
POST,/search,1023,0,11,31.515264710152426,6.561199959833175,2233.9780999463983,7613.298142717497,4.859214496939598,0.0,11,12,13,14,15,16,19,24,2200,2200,2200
,Aggregated,1023,0,11,31.515264710152426,6.561199959833175,2233.9780999463983,7613.298142717497,4.859214496939598,0.0,11,12,13,14,15,16,19,24,2200,2200,2200
