Type,Name,Request Count,Failure Count,Median Response Time,Average Response Time,Min Response Time,Max Response Time,Average Content Size,Requests/s,Failures/s,50%,66%,75%,80%,90%,95%,98%,99%,99.9%,99.99%,100%
POST,/search,385,0,11,65.82411740416686,8.637499995529652,2270.090200006962,6927.971428571429,4.859292469517958,0.0,11,12,13,14,16,19,2000,2100,2300,2300,2300
,Aggregated,385,0,11,65.82411740416686,8.637499995529652,2270.090200006962,6927.971428571429,4.859292469517958,0.0,11,12,13,14,16,19,2000,2100,2300,2300,2300
