Type,Name,Request Count,Failure Count,Median Response Time,Average Response Time,Min Response Time,Max Response Time,Average Content Size,Requests/s,Failures/s,50%,66%,75%,80%,90%,95%,98%,99%,99.9%,99.99%,100%
POST,/search,3583,0,11,41.2988087920131,7.214500103145838,2086.5655000088736,6948.649176667597,23.995850322732974,0.0,11,14,15,16,19,23,34,2100,2100,2100,2100
,Aggregated,3583,0,11,41.2988087920131,7.214500103145838,2086.5655000088736,6948.649176667597,23.995850322732974,0.0,11,14,15,16,19,23,34,2100,2100,2100,2100
