Type,Name,Request Count,Failure Count,Median Response Time,Average Response Time,Min Response Time,Max Response Time,Average Content Size,Requests/s,Failures/s,50%,66%,75%,80%,90%,95%,98%,99%,99.9%,99.99%,100%
POST,/search,2429,0,11,54.15966653000692,7.442599977366626,2075.9546000044793,7586.976533552903,23.511110169145443,0.0,11,12,13,14,17,21,2000,2100,2100,2100,2100
,Aggregated,2429,0,11,54.15966653000692,7.442599977366626,2075.9546000044793,7586.976533552903,23.511110169145443,0.0,11,12,13,14,17,21,2000,2100,2100,2100,2100
